post_id,account_id,account_username,account_name,description,duration_sec,publish_time,permalink,post_type,data_comment,date,views,reach,likes,shares,follows,comments,saves,unnamed_18,unnamed_19,unnamed_20
18087221569795452,17841472782106936,v2byvelare,,"just restocked ðŸ’™ðŸ’™

#trendy #cheetaprint #cheetahprint #urbanoutfitters #newyork #fashion #ootd #tracksuit #sweatshirt #hoodie #unitedstates",13,08/13/2025 16:30,https://www.instagram.com/reel/DNUEwaDylxg/,IG reel,,Lifetime,33077,18700,569,9,24,36,38,,19090.0,Average Views
18158649571376620,17841472782106936,v2byvelare,,"almost sold outðŸ’™

#trendy #cheetaprint #cheetahprint #urbanoutfitters #newyork #fashion #ootd #tracksuit #sweatshirt #hoodie #unitedstates",12,09/23/2025 9:31,https://www.instagram.com/reel/DO85dvsDcQu/,IG reel,,Lifetime,8811,4541,136,2,3,39,12,,10842.0,Average Reach
18156405361382269,17841472782106936,v2byvelare,,"pieces with meaning ðŸ’™

#trendy #cheetaprint #cheetahprint #urbanoutfitters #newyork #fashion #ootd #tracksuit #sweatshirt #hoodie #unitedstates",18,09/23/2025 6:58,https://www.instagram.com/reel/DO8n64ZjZsc/,IG reel,,Lifetime,19485,12315,524,20,30,11,40,,349.0,Average Likes
18059302547529952,17841472782106936,v2byvelare,,"almost sold outðŸ’™

#trendy #cheetaprint #cheetahprint #urbanoutfitters #newyork #fashion #ootd #tracksuit #sweatshirt #hoodie #unitedstates",11,09/22/2025 19:53,https://www.instagram.com/reel/DO7b4isjKGL/,IG reel,,Lifetime,11058,5881,251,9,1,16,27,,,
18531043174053011,17841472782106936,v2byvelare,,"almost sold outðŸ’™

#trendy #cheetaprint #cheetahprint #urbanoutfitters #newyork #fashion #ootd #tracksuit #sweatshirt #hoodie #unitedstates",13,09/22/2025 19:39,https://www.instagram.com/reel/DO7aPpLDHwT/,IG reel,,Lifetime,2450,2025,57,0,2,2,3,,,
17997649571821987,17841472782106936,v2byvelare,,"much more coming 

#trendy #cheetaprint #cheetahprint #urbanoutfitters #newyork #fashion #ootd #tracksuit #sweatshirt #hoodie #unitedstates",19,09/22/2025 19:36,https://www.instagram.com/reel/DO7Z9LNjJBG/,IG reel,,Lifetime,11264,5969,181,20,7,5,10,,,
18331866409226337,17841472782106936,v2byvelare,,"almost sold outðŸ’™

#trendy #cheetaprint #cheetahprint #urbanoutfitters #newyork #fashion #ootd #tracksuit #sweatshirt #hoodie #unitedstates",11,09/22/2025 18:02,https://www.instagram.com/reel/DO7PN_cjBtl/,IG reel,,Lifetime,6936,3880,145,14,3,4,6,,,
17849658852558953,17841472782106936,v2byvelare,,"i love you guys 

#trendy #cheetaprint #cheetahprint #urbanoutfitters #newyork #fashion #ootd #tracksuit #sweatshirt #hoodie #unitedstates",16,09/22/2025 15:00,https://www.instagram.com/reel/DO66Us5klAY/,IG reel,,Lifetime,47773,27874,1409,263,90,28,142,,,
18063452984069660,17841472782106936,v2byvelare,,"i ðŸ’™ buzzwords

#trendy #cheetaprint #cheetahprint #urbanoutfitters #newyork #fashion #ootd #tracksuit #sweatshirt #hoodie #unitedstates",22,09/22/2025 12:59,https://www.instagram.com/reel/DO6sjFBknmN/,IG reel,,Lifetime,8423,4324,144,6,5,5,15,,,
17981712074909190,17841472782106936,v2byvelare,,"lmk if u have any questions :)

#trendy #cheetaprint #cheetahprint #urbanoutfitters #newyork #fashion #ootd #tracksuit #sweatshirt #hoodie #unitedstates",12,09/22/2025 11:31,https://www.instagram.com/reel/DO6iX1skgyP/,IG reel,,Lifetime,12575,7163,275,6,11,14,25,,,
18138312535435909,17841472782106936,v2byvelare,,"almost sold outðŸ’™

#trendy #cheetaprint #cheetahprint #urbanoutfitters #newyork #fashion #ootd #tracksuit #sweatshirt #hoodie #unitedstates",13,09/22/2025 4:21,https://www.instagram.com/reel/DO5xQSFDdKU/,IG reel,,Lifetime,12885,7850,344,4,13,6,30,,,
18038767466477970,17841472782106936,v2byvelare,,"almost sold outðŸ’™

#trendy #cheetaprint #cheetahprint #urbanoutfitters #newyork #fashion #ootd #tracksuit #sweatshirt #hoodie #unitedstates",15,09/21/2025 16:14,https://www.instagram.com/reel/DO4d_Z0jKd8/,IG reel,,Lifetime,9199,5199,184,4,1,8,8,,,
18054133742217451,17841472782106936,v2byvelare,,"almost sold outðŸ’™

#trendy #cheetaprint #cheetahprint #urbanoutfitters #newyork #fashion #ootd #tracksuit #sweatshirt #hoodie #unitedstates",11,09/21/2025 13:23,https://www.instagram.com/reel/DO4KbKFEpEN/,IG reel,,Lifetime,11731,7161,331,5,23,15,14,,,
17930613689986045,17841472782106936,v2byvelare,,"shipping out this week <3

#trendy #cheetaprint #cheetahprint #urbanoutfitters #newyork #fashion #ootd #tracksuit #sweatshirt #hoodie #unitedstates",9,09/21/2025 11:31,https://www.instagram.com/reel/DO39qmjkuuO/,IG reel,,Lifetime,17232,9463,352,77,20,26,14,,,
18080875534771122,17841472782106936,v2byvelare,,"almost sold outðŸ’™

#trendy #cheetaprint #cheetahprint #urbanoutfitters #newyork #fashion #ootd #tracksuit #sweatshirt #hoodie #unitedstates",12,09/21/2025 9:32,https://www.instagram.com/reel/DO3wEK9DfgY/,IG reel,,Lifetime,22227,10404,388,0,7,24,19,,,
18087429631873420,17841472782106936,v2byvelare,,"almost sold outðŸ’™

#trendy #cheetaprint #cheetahprint #urbanoutfitters #newyork #fashion #ootd #tracksuit #sweatshirt #hoodie #unitedstates",11,09/19/2025 4:44,https://www.instagram.com/reel/DOyFc0kDVf5/,IG reel,,Lifetime,22326,12861,633,4,21,29,51,,,
17874940008421429,17841472782106936,v2byvelare,,"ily <3

#trendy #cheetaprint #cheetahprint #urbanoutfitters #newyork #fashion #ootd #tracksuit #sweatshirt #hoodie #unitedstates",14,09/18/2025 16:11,https://www.instagram.com/reel/DOwvLnsjK4j/,IG reel,,Lifetime,22176,13072,627,3,23,42,34,,,
18100540222721872,17841472782106936,v2byvelare,,"almost sold outðŸ’™

#trendy #cheetaprint #cheetahprint #urbanoutfitters #newyork #fashion #ootd #tracksuit #sweatshirt #hoodie #unitedstates",17,09/16/2025 12:10,https://www.instagram.com/reel/DOrKC3HkjsQ/,IG reel,,Lifetime,13513,7985,226,3,14,26,19,,,
17918243706174082,17841472782106936,v2byvelare,,"almost sold outðŸ’™

#trendy #cheetaprint #cheetahprint #urbanoutfitters #newyork #fashion #ootd #tracksuit #sweatshirt #hoodie #unitedstates",14,09/15/2025 19:23,https://www.instagram.com/reel/DOpW3akDG3g/,IG reel,,Lifetime,12112,7111,262,4,10,44,20,,,
18072359513515193,17841472782106936,v2byvelare,,"new pieces once everything ships

#trendy #cheetaprint #cheetahprint #urbanoutfitters #newyork #fashion #ootd #tracksuit #sweatshirt #hoodie #unitedstates",15,09/15/2025 19:18,https://www.instagram.com/reel/DOpWSXEjEEm/,IG reel,,Lifetime,18791,10472,414,5,9,15,25,,,
18363352207155391,17841472782106936,v2byvelare,,"shipping almost ready ;)

#trendy #cheetaprint #cheetahprint #urbanoutfitters #newyork #fashion #ootd #tracksuit #sweatshirt #hoodie #unitedstates",21,09/15/2025 14:15,https://www.instagram.com/reel/DOon_V6Ethi/,IG reel,,Lifetime,31875,21424,796,89,50,27,51,,,
17908154367229271,17841472782106936,v2byvelare,,"shipping almost ready ðŸ’™

#trendy #cheetaprint #cheetahprint #urbanoutfitters #newyork #fashion #ootd #tracksuit #sweatshirt #hoodie #unitedstates",27,09/14/2025 16:44,https://www.instagram.com/reel/DOmfrnCjE1D/,IG reel,,Lifetime,14899,8016,340,11,13,8,16,,,
17941477044062027,17841472782106936,v2byvelare,,"find me in NYC :)

#trendy #cheetaprint #cheetahprint #urbanoutfitters #newyork #fashion #ootd #tracksuit #sweatshirt #hoodie ##newyork #nyfw #nyfw2025",17,09/14/2025 9:04,https://www.instagram.com/reel/DOlrNGyDViK/,IG reel,,Lifetime,41842,26491,870,94,42,23,59,,,
18056870651614505,17841472782106936,v2byvelare,,"zip up coming soon

#trendy #cheetaprint #cheetahprint #urbanoutfitters #newyork #fashion #ootd #tracksuit #sweatshirt #hoodie #unitedstates",8,09/12/2025 12:33,https://www.instagram.com/reel/DOg5g-9Ekfl/,IG reel,,Lifetime,27947,14893,383,23,21,34,27,,,
18341895871165434,17841472782106936,v2byvelare,,"almost sold outðŸ’™

#trendy #cheetaprint #cheetahprint #urbanoutfitters #newyork #fashion #ootd #tracksuit #sweatshirt #hoodie #unitedstates",9,09/12/2025 11:43,https://www.instagram.com/reel/DOgzz7MEtGB/,IG reel,,Lifetime,9987,5673,201,11,4,10,16,,,
18043030394349312,17841472782106936,v2byvelare,,"almost sold outðŸ’™

#trendy #cheetaprint #cheetahprint #urbanoutfitters #newyork #fashion #ootd #tracksuit #sweatshirt #hoodie #unitedstates",10,09/12/2025 4:39,https://www.instagram.com/reel/DOgDXzIjVjU/,IG reel,,Lifetime,9427,5544,171,16,7,15,24,,,
18338271583161320,17841472782106936,v2byvelare,,"v2 documentary ahh

#trendy #cheetaprint #cheetahprint #urbanoutfitters #newyork #fashion #ootd #tracksuit #sweatshirt #hoodie #unitedstates",29,09/11/2025 17:40,https://www.instagram.com/reel/DOe3zrHDFQU/,IG reel,,Lifetime,30988,20613,776,40,70,35,39,,,
17940369107934575,17841472782106936,v2byvelare,,"u can buy it tho <3

#trendy #cheetaprint #cheetahprint #urbanoutfitters #newyork #fashion #ootd #tracksuit #sweatshirt #hoodie #unitedstates",9,09/11/2025 16:19,https://www.instagram.com/reel/DOeulZTDJJD/,IG reel,,Lifetime,39125,20178,999,18,33,209,41,,,
18526202650041711,17841472782106936,v2byvelare,,"sagging final boss

#trendy #cheetaprint #cheetahprint #urbanoutfitters #newyork #fashion #ootd #tracksuit #sweatshirt #hoodie #unitedstates",12,09/11/2025 14:42,https://www.instagram.com/reel/DOeihjykn0E/,IG reel,,Lifetime,16377,9166,238,13,7,19,19,,,
18089347303768428,17841472782106936,v2byvelare,,"i love buzzwords

#trendy #cheetaprint #cheetahprint #urbanoutfitters #newyork #fashion #ootd #tracksuit #sweatshirt #hoodie #unitedstates",19,09/11/2025 11:45,https://www.instagram.com/reel/DOeOZ77kpkG/,IG reel,,Lifetime,12968,6966,196,7,2,6,11,,,
18074856071013921,17841472782106936,v2byvelare,,"almost sold outðŸ’™

#trendy #cheetaprint #cheetahprint #urbanoutfitters #newyork #fashion #ootd #tracksuit #sweatshirt #hoodie #unitedstates #microtrend",9,09/11/2025 4:04,https://www.instagram.com/reel/DOdagpRDdtc/,IG reel,,Lifetime,10293,5505,151,7,2,6,13,,,
18371105695145067,17841472782106936,v2byvelare,,"almost sold outðŸ’™

#trendy #cheetaprint #cheetahprint #urbanoutfitters #newyork #fashion #ootd #tracksuit #sweatshirt #hoodie #unitedstates",9,09/10/2025 22:23,https://www.instagram.com/reel/DOczkifDZfR/,IG reel,,Lifetime,13942,7356,212,11,8,9,13,,,
18050115416285646,17841472782106936,v2byvelare,,"pieces with meaning?

#trendy #cheetaprint #cheetahprint #urbanoutfitters #newyork #fashion #ootd #tracksuit #sweatshirt #hoodie #unitedstates",15,09/10/2025 22:01,https://www.instagram.com/reel/DOcxA4UDfT9/,IG reel,,Lifetime,20131,12217,570,10,28,12,28,,,
18055047557563268,17841472782106936,v2byvelare,,"hoodie by me :)

#trendy #cheetaprint #cheetahprint #urbanoutfitters #newyork #fashion #ootd #tracksuit #sweatshirt #hoodie #unitedstates",15,09/10/2025 21:47,https://www.instagram.com/reel/DOcvcRnDEUG/,IG reel,,Lifetime,974,838,21,1,1,2,0,,,
18097100983570144,17841472782106936,v2byvelare,,"almost sold outðŸ’™

#trendy #cheetaprint #cheetahprint #urbanoutfitters #newyork #fashion #ootd #tracksuit #sweatshirt #hoodie #unitedstates",8,09/10/2025 21:31,https://www.instagram.com/reel/DOctjdgjAh5/,IG reel,,Lifetime,8636,4795,136,2,5,3,14,,,
17990943614836523,17841472782106936,v2byvelare,,"almost sold outðŸ’™

#trendy #cheetaprint #cheetahprint #urbanoutfitters #newyork #fashion #ootd #tracksuit #sweatshirt #hoodie #unitedstates",10,09/10/2025 19:34,https://www.instagram.com/reel/DOcgJaFjItY/,IG reel,,Lifetime,16673,8234,294,9,1,7,15,,,
18524899039059252,17841472782106936,v2byvelare,,"almost sold outðŸ’™

#trendy #cheetaprint #cheetahprint #urbanoutfitters #newyork #fashion #ootd #tracksuit #sweatshirt #hoodie #unitedstates",12,09/10/2025 18:37,https://www.instagram.com/reel/DOcZtthjCg3/,IG reel,,Lifetime,11267,6001,247,1,2,9,7,,,
17887688385222036,17841472782106936,v2byvelare,,"lmk :)

#trendy #cheetaprint #cheetahprint #urbanoutfitters #newyork #fashion #ootd #tracksuit #sweatshirt #hoodie #unitedstates",9,09/10/2025 15:49,https://www.instagram.com/reel/DOcGHTuElaS/,IG reel,,Lifetime,9358,5167,182,1,4,8,7,,,
18074858084080763,17841472782106936,v2byvelare,,"shhh

#trendy #cheetaprint #cheetahprint #urbanoutfitters #newyork #fashion #ootd #tracksuit #sweatshirt #hoodie #unitedstates",8,09/10/2025 11:37,https://www.instagram.com/reel/DObpifJElGb/,IG reel,,Lifetime,91722,45069,1447,71,46,28,115,,,
18078089566950108,17841472782106936,v2byvelare,,"last 3 are sneak peaks

#trendy #cheetaprint #cheetahprint #urbanoutfitters #newyork #fashion #ootd #tracksuit #sweatshirt #hoodie #unitedstates",13,09/10/2025 4:12,https://www.instagram.com/reel/DOa2sDHDuF6/,IG reel,,Lifetime,17976,10887,355,19,12,20,16,,,
17920134117173548,17841472782106936,v2byvelare,,"black cheetah print hoodie :)

#trendy #cheetaprint #cheetahprint #urbanoutfitters #newyork #fashion #ootd #tracksuit #sweatshirt #hoodie #unitedstates",14,09/09/2025 19:10,https://www.instagram.com/reel/DOZ4tDQDMEX/,IG reel,,Lifetime,31122,18752,408,29,42,6,26,,,
18529918312063705,17841472782106936,v2byvelare,,"almost sold outðŸ’™

#trendy #cheetaprint #cheetahprint #urbanoutfitters #newyork #fashion #ootd #tracksuit #sweatshirt #hoodie #unitedstates",14,09/09/2025 19:06,https://www.instagram.com/reel/DOZ4Ja9DOfe/,IG reel,,Lifetime,23031,12578,473,100,15,7,25,,,
17842519095572803,17841472782106936,v2byvelare,,"almost sold outðŸ’™

#trendy #cheetaprint #cheetahprint #urbanoutfitters #newyork #fashion #ootd #tracksuit #sweatshirt #hoodie #unitedstates",11,09/09/2025 19:04,https://www.instagram.com/reel/DOZ1PaQDGNx/,IG reel,,Lifetime,8996,6737,74,7,6,0,4,,,
17917871073173236,17841472782106936,v2byvelare,,"almost sold outðŸ’™

#trendy #cheetaprint #cheetahprint #urbanoutfitters #newyork #fashion #ootd #tracksuit #sweatshirt #hoodie #unitedstates",10,09/09/2025 15:29,https://www.instagram.com/reel/DOZfYvfEjcn/,IG reel,,Lifetime,8900,5162,163,6,3,1,10,,,
17966196092952499,17841472782106936,v2byvelare,,"almost sold outðŸ’™

#trendy #cheetaprint #cheetahprint #urbanoutfitters #newyork #fashion #ootd #tracksuit #sweatshirt #hoodie #unitedstates",15,09/09/2025 15:26,https://www.instagram.com/reel/DOZe5x0krGR/,IG reel,,Lifetime,14753,7810,402,30,13,17,31,,,
18018326126583670,17841472782106936,v2byvelare,,"almost sold outðŸ’™

#trendy #cheetaprint #cheetahprint #urbanoutfitters #newyork #fashion #ootd #tracksuit #sweatshirt #hoodie #unitedstates",9,09/09/2025 11:58,https://www.instagram.com/reel/DOZHL75km3h/,IG reel,,Lifetime,9711,5242,190,7,4,6,8,,,
18523308874020230,17841472782106936,v2byvelare,,"almost sold outðŸ’™

#trendy #cheetaprint #cheetahprint #urbanoutfitters #newyork #fashion #ootd #tracksuit #sweatshirt #hoodie #unitedstates",12,09/09/2025 4:36,https://www.instagram.com/reel/DOYUl7QDUem/,IG reel,,Lifetime,17705,10018,294,11,5,23,15,,,
17863535652395623,17841472782106936,v2byvelare,,"almost sold outðŸ’™

#trendy #cheetaprint #cheetahprint #urbanoutfitters #newyork #fashion #ootd #tracksuit #sweatshirt #hoodie #unitedstates",23,09/08/2025 19:54,https://www.instagram.com/reel/DOXY40_jDhx/,IG reel,,Lifetime,14767,11088,344,10,40,4,21,,,
18087661360873187,17841472782106936,v2byvelare,,"which piece ya fav?

#trendy #cheetaprint #cheetahprint #urbanoutfitters #newyork #fashion #ootd #tracksuit #sweatshirt #hoodie #unitedstates",11,09/08/2025 19:53,https://www.instagram.com/reel/DOXYyIUDPEb/,IG reel,,Lifetime,15144,8349,388,2,4,7,25,,,
17947264085901631,17841472782106936,v2byvelare,,"hoodie almost sold outðŸ’™

#trendy #cheetaprint #cheetahprint #urbanoutfitters #newyork #fashion #ootd #tracksuit #sweatshirt #hoodie #unitedstates",13,09/08/2025 12:01,https://www.instagram.com/reel/DOWiyYeEu1r/,IG reel,,Lifetime,74939,42984,1349,38,100,13,104,,,
17971777631782278,17841472782106936,v2byvelare,,"first set out now 

#trendy #cheetaprint #cheetahprint #urbanoutfitters #newyork #fashion #ootd #tracksuit #sweatshirt #hoodie #unitedstates",12,09/08/2025 11:57,https://www.instagram.com/reel/DOWiR1QEt_C/,IG reel,,Lifetime,33830,19980,456,50,46,15,40,,,
18306524608219111,17841472782106936,v2byvelare,,"crazy pull?

#trendy #cheetaprint #cheetahprint #urbanoutfitters #newyork #fashion #ootd #tracksuit #sweatshirt #hoodie #unitedstates",12,09/07/2025 16:12,https://www.instagram.com/reel/DOUaHYfDK9I/,IG reel,,Lifetime,33880,21456,1013,42,18,33,77,,,
18055096331440423,17841472782106936,v2byvelare,,"cheeta season

#trendy #cheetaprint #cheetahprint #urbanoutfitters #newyork #fashion #ootd #tracksuit #sweatshirt #hoodie #unitedstates",10,09/07/2025 16:06,https://www.instagram.com/reel/DOUZsVsjDPY/,IG reel,,Lifetime,24632,16567,647,41,44,18,61,,,
17881938321380161,17841472782106936,v2byvelare,,"almost sold outðŸ’™

#trendy #cheetaprint #cheetahprint #urbanoutfitters #newyork #fashion #ootd #tracksuit #sweatshirt #hoodie #unitedstates",10,09/07/2025 14:26,https://www.instagram.com/reel/DOUOg33knN-/,IG reel,,Lifetime,88871,44054,1588,56,55,20,71,,,
18055956485169631,17841472782106936,v2byvelare,,"which pair is better?

#trendy #cheetaprint #cheetahprint #urbanoutfitters #newyork #fashion #ootd #tracksuit #sweatshirt #hoodie #unitedstates",15,09/07/2025 11:33,https://www.instagram.com/reel/DOT6vbgEgAA/,IG reel,,Lifetime,33818,19211,565,8,31,13,36,,,
18052903313218076,17841472782106936,v2byvelare,,"almost sold outðŸ’™

#trendy #cheetaprint #cheetahprint #urbanoutfitters #newyork #fashion #ootd #tracksuit #sweatshirt #hoodie #unitedstates",11,09/06/2025 18:02,https://www.instagram.com/reel/DOSCXiFjH49/,IG reel,,Lifetime,11798,6297,195,3,9,13,13,,,
18075092738107165,17841472782106936,v2byvelare,,"almost sold outðŸ’™

#trendy #cheetaprint #cheetahprint #urbanoutfitters #newyork #fashion #ootd #tracksuit #sweatshirt #hoodie #unitedstates",13,09/06/2025 13:21,https://www.instagram.com/reel/DORiP57Engy/,IG reel,,Lifetime,1722,1398,42,4,3,0,1,,,
18310793887171856,17841472782106936,v2byvelare,,"almost sold outðŸ’™

#trendy #cheetaprint #cheetahprint #urbanoutfitters #newyork #fashion #ootd #tracksuit #sweatshirt #hoodie #unitedstates",8,09/06/2025 9:06,https://www.instagram.com/reel/DORFHUYDXe7/,IG reel,,Lifetime,5125,3989,47,0,4,1,1,,,
18424962079096890,17841472782106936,v2byvelare,,"almost sold outðŸ’™

#trendy #cheetaprint #cheetahprint #urbanoutfitters #newyork #fashion #ootd #tracksuit #sweatshirt #hoodie #unitedstates",11,09/06/2025 8:15,https://www.instagram.com/reel/DOQ_R3pDWbo/,IG reel,,Lifetime,16571,10854,281,22,6,16,20,,,
18400079098137764,17841472782106936,v2byvelare,,"lmk what u think :)

#trendy #cheetaprint #cheetahprint #urbanoutfitters #newyork #fashion #ootd #tracksuit #sweatshirt #hoodie #unitedstates",12,09/06/2025 7:17,https://www.instagram.com/reel/DOQ4mahDdLL/,IG reel,,Lifetime,282424,191856,7017,318,647,66,659,,,
17933529108085944,17841472782106936,v2byvelare,,"almost sold outðŸ’™

#trendy #cheetaprint #cheetahprint #urbanoutfitters #newyork #fashion #ootd #tracksuit #sweatshirt #hoodie #unitedstates",12,09/05/2025 16:48,https://www.instagram.com/reel/DOPVNjsDI7b/,IG reel,,Lifetime,21622,12182,479,19,4,21,32,,,
17919594453158226,17841472782106936,v2byvelare,,"almost sold outðŸ’™

#trendy #cheetaprint #cheetahprint #urbanoutfitters #newyork #fashion #ootd #tracksuit #sweatshirt #hoodie #unitedstates",8,09/05/2025 4:42,https://www.instagram.com/reel/DOOCBATDdZv/,IG reel,,Lifetime,10961,5707,175,4,3,18,12,,,
18067809487981438,17841472782106936,v2byvelare,,"production almost done 

#trendy #cheetaprint #cheetahprint #urbanoutfitters #newyork",15,09/04/2025 19:17,https://www.instagram.com/reel/DONBcbLjPiL/,IG reel,,Lifetime,35361,23318,772,32,37,17,51,,,
18068740304335322,17841472782106936,v2byvelare,,"almost sold outðŸ’™

#trendy #cheetaprint #cheetahprint #urbanoutfitters #newyork #fashion #ootd #tracksuit #sweatshirt #hoodie #unitedstates",13,09/04/2025 16:39,https://www.instagram.com/reel/DOMvY4sDMZ7/,IG reel,,Lifetime,19688,10638,383,11,11,9,23,,,
18079161068298762,17841472782106936,v2byvelare,,"pause? hoodie from us tho :)

#trendy #cheetaprint #cheetahprint #urbanoutfitters #newyork #fashion #ootd #tracksuit #sweatshirt #hoodie #unitedstates",15,09/04/2025 16:09,https://www.instagram.com/reel/DOMXKDyEjH7/,IG reel,,Lifetime,20081,11159,638,43,11,8,42,,,
18069780917156447,17841472782106936,v2byvelare,,"almost sold outðŸ’™

#trendy #cheetaprint #cheetahprint #urbanoutfitters #newyork #fashion #ootd #tracksuit #sweatshirt #hoodie #unitedstates",9,09/04/2025 12:59,https://www.instagram.com/reel/DOMWK5ZksFP/,IG reel,,Lifetime,7280,5789,183,8,13,3,11,,,
18076617446002828,17841472782106936,v2byvelare,,"almost sold outðŸ’™

#trendy #cheetaprint #cheetahprint #urbanoutfitters #newyork #fashion #ootd #tracksuit #sweatshirt #hoodie",10,09/04/2025 11:49,https://www.instagram.com/reel/DOMODPhEmHi/,IG reel,,Lifetime,29273,16994,481,12,19,12,32,,,
18520624333007112,17841472782106936,v2byvelare,,"almost sold outðŸ’™

#trendy #cheetaprint #cheetahprint #urbanoutfitters #newyork #fashion #ootd #tracksuit #sweatshirt #hoo",15,09/03/2025 15:28,https://www.instagram.com/reel/DOKCeK4kkJ9/,IG reel,,Lifetime,4100,3279,108,13,8,2,16,,,
17922515376015375,17841472782106936,v2byvelare,,"almost sold outðŸ’™

#trendy #cheetaprint #cheetahprint #urbanoutfitters #newyork #fashion #ootd #tracksuit #sweatshirt #hoodie",11,09/03/2025 15:27,https://www.instagram.com/reel/DOKCZ2PEkYf/,IG reel,,Lifetime,24768,14774,557,24,28,23,36,,,
17855446047455308,17841472782106936,v2byvelare,,"out now ðŸ’™

#trendy #cheetaprint #cheetahprint #urbanoutfitters #newyork #fashion #ootd #tracksuit #sweatshirt #hoodie #unitedstates",33,08/30/2025 3:32,https://www.instagram.com/reel/DN-dUfsjrly/,IG reel,,Lifetime,19618,14752,389,17,84,7,45,,,
18370855285194070,17841472782106936,v2byvelare,,"lmk lmk :)

#trendy #cheetaprint #cheetahprint #urbanoutfitters #newyork #fashion #ootd #tracksuit #sweatshirt #hoodie #unitedstates",14,08/29/2025 14:01,https://www.instagram.com/reel/DN9ATO0Ej0V/,IG reel,,Lifetime,1498,1260,23,2,2,1,4,,,
17944698711040682,17841472782106936,v2byvelare,,"almost sold outðŸ’™

#trendy #cheetaprint #cheetahprint #urbanoutfitters #newyork #fashion #ootd #tracksuit #sweatshirt #hoodie #unitedstates",18,08/29/2025 10:09,https://www.instagram.com/reel/DN8mABaEf0S/,IG reel,,Lifetime,16052,12024,142,13,28,3,12,,,
18065998442517890,17841472782106936,v2byvelare,,"so much meaning ðŸ¥¹ðŸ’™

#trendy #cheetaprint #cheetahprint #urbanoutfitters #newyork #fashion #ootd #tracksuit #sweatshirt #hoodie #unitedstates",10,08/25/2025 22:57,https://www.instagram.com/reel/DNzqtO92pNc/,IG reel,,Lifetime,29233,15504,477,25,17,88,37,,,
18100213495613431,17841472782106936,v2byvelare,,"whatâ€™d i miss 

#trendy #cheetaprint #cheetahprint #urbanoutfitters #newyork #fashion #ootd #tracksuit #sweatshirt #hoodie #unitedstates",13,08/25/2025 21:06,https://www.instagram.com/reel/DNzd_kR2OSf/,IG reel,,Lifetime,27108,15157,520,11,15,24,39,,,
17874348480303291,17841472782106936,v2byvelare,,"i think the left one

#trendy #cheetaprint #cheetahprint #urbanoutfitters #newyork #fashion #ootd #tracksuit #sweatshirt #hoodie #unitedstates",15,08/24/2025 20:36,https://www.instagram.com/reel/DNw1ub62IPE/,IG reel,,Lifetime,1439,1154,28,2,3,0,0,,,
17930176257096207,17841472782106936,v2byvelare,,"almost sold outðŸ’™

#trendy #cheetaprint #cheetahprint #urbanoutfitters #newyork #fashion #ootd #tracksuit #sweatshirt #hoodie #unitedstates",12,08/24/2025 9:01,https://www.instagram.com/reel/DNvmPZdWqtc/,IG reel,,Lifetime,42221,26023,429,32,27,50,52,,,
17945194035042751,17841472782106936,v2byvelare,,"hoodie by me :)

#trendy #cheetaprint #cheetahprint #urbanoutfitters #newyork",9,08/23/2025 11:05,https://www.instagram.com/reel/DNtPoPp4s_u/,IG reel,,Lifetime,12340,6541,181,16,8,43,19,,,
17983891826851638,17841472782106936,v2byvelare,,"almost sold outðŸ’™

#trendy #cheetaprint #cheetahprint #urbanoutfitters #newyork #fashion #ootd #tracksuit #sweatshirt #hoodie #unitedstates",12,08/23/2025 8:58,https://www.instagram.com/reel/DNtBEsAWlvF/,IG reel,,Lifetime,12969,7146,254,34,6,15,27,,,
18474893635073544,17841472782106936,v2byvelare,,"here come the â€œday 2 fit betterâ€ comments

#trendy #cheetaprint #cheetahprint #urbanoutfitters #newyork",8,08/22/2025 22:09,https://www.instagram.com/reel/DNr21hAWH6v/,IG reel,,Lifetime,22022,13445,759,17,19,5,35,,,
18005668949632494,17841472782106936,v2byvelare,,"almost sold outðŸ’™

#trendy #cheetaprint #cheetahprint #urbanoutfitters #newyork #fashion #ootd #tracksuit #sweatshirt #hoodie #unitedstates",8,08/22/2025 22:08,https://www.instagram.com/reel/DNr2wOC2BlU/,IG reel,,Lifetime,34177,19667,338,40,30,25,32,,,
18090917530686620,17841472782106936,v2byvelare,,"almost sold outðŸ’™

#trendy #cheetaprint #cheetahprint #urbanoutfitters #newyork #fashion #ootd #tracksuit #sweatshirt #hoodie #unitedstates",33,08/22/2025 20:00,https://www.instagram.com/reel/DNroCa0WETM/,IG reel,,Lifetime,34501,25800,652,22,166,12,69,,,
18056782025128020,17841472782106936,v2byvelare,,"almost sold outðŸ’™

#trendy #cheetaprint #cheetahprint #urbanoutfitters #newyork #fashion #ootd #tracksuit #sweatshirt #hoodie #unitedstates",11,08/22/2025 15:31,https://www.instagram.com/reel/DNrJS0_5CGh/,IG reel,,Lifetime,11497,6293,172,12,4,17,14,,,
18060898973367736,17841472782106936,v2byvelare,,"almost sold outðŸ’™

#trendy #cheetaprint #cheetahprint #urbanoutfitters #newyork #fashion #ootd #tracksuit #sweatshirt #hoodie",8,08/22/2025 11:10,https://www.instagram.com/reel/DNqrVyMxzuO/,IG reel,,Lifetime,14816,8445,281,12,9,14,32,,,
18056869679614443,17841472782106936,v2byvelare,,"almost sold outðŸ’™

#trendy #cheetaprint #cheetahprint #urbanoutfitters #newyork #fashion #ootd #tracksuit #sweatshirt #hoodie",14,08/21/2025 21:26,https://www.instagram.com/reel/DNpNEdLM_WD/,IG reel,,Lifetime,28742,18664,460,12,24,16,25,,,
18071215970030507,17841472782106936,v2byvelare,,"almost sold outðŸ’™

#trendy #cheetaprint #cheetahprint #urbanoutfitters #newyork #fashion #ootd #tracksuit #sweatshirt #hoodie",10,08/21/2025 19:43,https://www.instagram.com/reel/DNpBUDls93r/,IG reel,,Lifetime,12820,7084,191,4,10,14,6,,,
18049922531250963,17841472782106936,v2byvelare,,"hoodie by me :)

#trendy #cheetaprint #cheetahprint #urbanoutfitters #newyork #fashion #ootd #tracksuit #sweatshirt #hoodie",18,08/21/2025 14:55,https://www.instagram.com/reel/DNogWcyyh_k/,IG reel,,Lifetime,17332,8753,351,6,5,19,18,,,
18058440290367732,17841472782106936,v2byvelare,,"cuz this blew up last timeâ€¦

#trendy #cheetaprint #cheetahprint #urbanoutfitters #newyork #fashion #ootd #tracksuit #sweatshirt #",12,08/21/2025 10:57,https://www.instagram.com/reel/DNoFKKTRJzE/,IG reel,,Lifetime,16584,8531,345,23,17,5,20,,,
18093087328588826,17841472782106936,v2byvelare,,"almost sold outðŸ’™

#trendy #cheetaprint #cheetahprint #urbanoutfitters #newyork #fashion #ootd #tracksuit #sweatshirt #cheetaprint",22,08/21/2025 10:42,https://www.instagram.com/reel/DNoDWvpxwAO/,IG reel,,Lifetime,40144,24836,1170,40,112,30,103,,,
17967724301942145,17841472782106936,v2byvelare,,"lmk :)

#trendy #cheetaprint #cheetahprint #urbanoutfitters #newyork #fashion #ootd #tracksuit #sweatshirt #",11,08/20/2025 22:17,https://www.instagram.com/reel/DNmuDXmtHwN/,IG reel,,Lifetime,28080,17243,791,37,62,18,71,,,
18087018874794275,17841472782106936,v2byvelare,,"almost sold outðŸ’™

#trendy #cheetaprint #cheetahprint #urbanoutfitters #newyork #fashion #ootd #tracksuit #sweatshirt #",11,08/20/2025 20:36,https://www.instagram.com/reel/DNmikraMhh-/,IG reel,,Lifetime,35590,20908,576,14,28,15,24,,,
18055303382152909,17841472782106936,v2byvelare,,"almost sold outðŸ’™

#trendy #cheetaprint #cheetahprint #urbanoutfitters #newyork #fashion #ootd #tracksuit #sweatshirt #hoodie #unitedstates",28,08/20/2025 14:51,https://www.instagram.com/reel/DNl7BhmSnf1/,IG reel,,Lifetime,39755,22266,922,48,61,50,54,,,
18061988603047549,17841472782106936,v2byvelare,,"lmk lmk lmk 

#trendy #cheetaprint #cheetahprint #urbanoutfitters #newyork #fashion #ootd #tracksuit #sweatshirt #hoodie #unitedstates",9,08/20/2025 14:13,https://www.instagram.com/reel/DNl2xVJSvXB/,IG reel,,Lifetime,16058,7485,363,7,6,14,16,,,
18050712083235726,17841472782106936,v2byvelare,,team grey ðŸ©¶#cheetaprint #newyork #urbanoutfitters #trendy #cheetahprint #fashion #ootd,10,08/20/2025 12:31,https://www.instagram.com/reel/DNlrIVAy0Jg/,IG reel,,Lifetime,10873,5878,292,14,5,13,13,,,
17921003220135853,17841472782106936,v2byvelare,,team black ðŸ–¤#cheetaprint #newyork #urbanoutfitters #trendy #cheetahprint #fashion,10,08/20/2025 12:31,https://www.instagram.com/reel/DNlrBjfSlDO/,IG reel,,Lifetime,13382,6536,281,14,9,7,13,,,
17959669103981041,17841472782106936,v2byvelare,,"i <3 fall

#trendy #cheetaprint #cheetahprint #urbanoutfitters #newyork #fashion #ootd #tracksuit #sweatshirt #hoodie #unitedstates",12,08/20/2025 12:20,https://www.instagram.com/reel/DNlp0M1yj4j/,IG reel,,Lifetime,14065,8240,446,7,12,9,24,,,
18357409243156007,17841472782106936,v2byvelare,,"almost sold outðŸ’™

#trendy #cheetaprint #cheetahprint #urbanoutfitters #newyork #fashion #ootd #tracksuit #sweatshirt #hoodie #unitedstates",14,08/20/2025 9:52,https://www.instagram.com/reel/DNlY114xWCj/,IG reel,,Lifetime,11002,6170,219,8,6,16,10,,,
17968884419936567,17841472782106936,v2byvelare,,"hoodie by me <3

#trendy #cheetaprint #cheetahprint #urbanoutfitters #newyork #fashion #ootd #tracksuit #sweatshirt #hoodie #unitedstates",15,08/19/2025 21:12,https://www.instagram.com/reel/DNkB5nwMTWy/,IG reel,,Lifetime,21018,10557,578,27,6,21,37,,,
18014451032774640,17841472782106936,v2byvelare,,"here come the â€œday 2 fit betterâ€ comments

#trendy #cheetaprint #cheetahprint #urbanoutfitters #newyork",8,08/19/2025 10:42,https://www.instagram.com/reel/DNi41R6xknv/,IG reel,,Lifetime,152804,82598,8484,190,189,56,393,,,
17880683835373320,17841472782106936,v2byvelare,,"almost sold outðŸ’™

#trendy #cheetaprint #cheetahprint #urbanoutfitters #newyork #fashion #ootd #tracksuit #sweatshirt #hoodie #unitedstates",17,08/19/2025 8:57,https://www.instagram.com/reel/DNituOsN_MZ/,IG reel,,Lifetime,25626,15880,605,15,21,28,41,,,
17916484200153477,17841472782106936,v2byvelare,,"good prize 

#trendy #cheetaprint #cheetahprint #urbanoutfitters #newyork",13,08/18/2025 22:43,https://www.instagram.com/reel/DNhncS0NLa5/,IG reel,,Lifetime,43521,23920,1266,21,36,92,95,,,
18018130469568130,17841472782106936,v2byvelare,,"almost sold out ily ðŸ’™

#trendy #cheetaprint #cheetahprint #urbanoutfitters #newyork #fashion #ootd #tracksuit #sweatshirt #hoodie #unitedstates",12,08/18/2025 20:06,https://www.instagram.com/reel/DNhVjjjsCNd/,IG reel,,Lifetime,17447,10109,297,6,7,11,11,,,
18030507788506452,17841472782106936,v2byvelare,,"almost sold outðŸ’™

#trendy #cheetaprint #cheetahprint #urbanoutfitters #newyork #fashion #ootd #tracksuit #sweatshirt #hoodie #unitedstates",9,08/18/2025 19:54,https://www.instagram.com/reel/DNhULMfM-ya/,IG reel,,Lifetime,10632,7741,237,19,16,5,25,,,
17880410913259191,17841472782106936,v2byvelare,,"almost sold outðŸ’™

#trendy #cheetaprint #cheetahprint #urbanoutfitters #newyork #fashion #ootd #tracksuit #sweatshirt #hoodie #unitedstates",9,08/18/2025 19:54,https://www.instagram.com/reel/DNhUJsEM0qi/,IG reel,,Lifetime,2007,1519,66,1,4,1,2,,,
17864486376444228,17841472782106936,v2byvelare,,"almost sold outðŸ’™

#trendy #cheetaprint #cheetahprint #urbanoutfitters #newyork #fashion #ootd #tracksuit #sweatshirt #hoodie",13,08/18/2025 17:09,https://www.instagram.com/reel/DNhBXq0scQd/,IG reel,,Lifetime,19754,12063,467,15,37,29,29,,,
18285367321280856,17841472782106936,v2byvelare,,"lmk pls <3

#trendy #cheetaprint #cheetahprint #urbanoutfitters #newyork",11,08/18/2025 11:23,https://www.instagram.com/reel/DNgZu0dRE2v/,IG reel,,Lifetime,11866,6418,237,7,9,28,15,,,
18052177391447488,17841472782106936,v2byvelare,,"(this is not actually YSL)

#trendy #cheetaprint #cheetahprint #urbanoutfitters #newyork #fashion #ootd #tracksuit #sweatshirt #hoodie #unitedstates",10,08/18/2025 7:37,https://www.instagram.com/reel/DNf_4xat9uC/,IG reel,,Lifetime,20812,11060,545,10,6,15,20,,,
18384265405125411,17841472782106936,v2byvelare,,"which piece the best?

#trendy #cheetaprint #cheetahprint #urbanoutfitters #newyork #fashion #ootd #tracksuit #sweatshirt #hoodie #unitedstates",14,08/17/2025 23:29,https://www.instagram.com/reel/DNfH9_JNy9G/,IG reel,,Lifetime,1795,1468,38,1,7,0,6,,,
18101675326578939,17841472782106936,v2byvelare,,"almost sold out tho ðŸ’™

#trendy #cheetaprint #cheetahprint #urbanoutfitters #newyork #fashion #ootd #tracksuit #sweatshirt #hoodie #unitedstates",12,08/17/2025 21:47,https://www.instagram.com/reel/DNe8SVVMBu4/,IG reel,,Lifetime,40550,18773,815,24,35,62,33,,,
18498761014070922,17841472782106936,v2byvelare,,"anything ferda content ðŸ™„ðŸ’™

#trendy #cheetaprint #cheetahprint #urbanoutfitters #newyork #fashion #ootd #tracksuit #sweatshirt #hoodie #unitedstates",15,08/17/2025 18:54,https://www.instagram.com/reel/DNeogpRszI-/,IG reel,,Lifetime,39158,23699,915,47,36,21,65,,,
17947349690892044,17841472782106936,v2byvelare,,"almost sold outðŸ’™

#trendy #cheetaprint #cheetahprint #urbanoutfitters #newyork #fashion #ootd #tracksuit #sweatshirt #hoodie #unitedstates",15,08/17/2025 16:52,https://www.instagram.com/reel/DNeaZ1FMRAK/,IG reel,,Lifetime,120666,66236,1860,58,139,53,99,,,
18472610554075435,17841472782106936,v2byvelare,,"do u see the matcha 

#trendy #cheetaprint #cheetahprint #urbanoutfitters #newyork #fashion #ootd #tracksuit #sweatshirt #hoodie #unitedstates",12,08/17/2025 12:08,https://www.instagram.com/reel/DNd6AtQyAlK/,IG reel,,Lifetime,21976,13235,780,24,22,17,47,,,
17983788920853513,17841472782106936,v2byvelare,,"everything by me, jeans unreleased tho

#trendy #cheetaprint #cheetahprint #urbanoutfitters #newyork",11,08/17/2025 11:15,https://www.instagram.com/reel/DNd0Cklx8Ed/,IG reel,,Lifetime,26353,15995,409,12,19,17,31,,,
18068680894919897,17841472782106936,v2byvelare,,"ignore the end please

#trendy #cheetaprint #cheetahprint #urbanoutfitters #newyork #fashion #ootd #tracksuit #sweatshirt #hoodie #unitedstates",13,08/17/2025 10:42,https://www.instagram.com/reel/DNdwNOiRlM3/,IG reel,,Lifetime,20333,11920,431,22,33,12,36,,,
18367503991147885,17841472782106936,v2byvelare,,"almost sold outðŸ’™

#trendy #cheetaprint #cheetahprint #urbanoutfitters #newyork #fashion #ootd #tracksuit #sweatshirt #hoodie #unitedstates",13,08/17/2025 8:50,https://www.instagram.com/reel/DNdjW_jNKFg/,IG reel,,Lifetime,55254,34928,1055,33,56,15,56,,,
18035067773679004,17841472782106936,v2byvelare,,"tag that friend 

#trendy #cheetaprint #cheetahprint #urbanoutfitters #newyork",15,08/17/2025 3:52,https://www.instagram.com/reel/DNdBP_tOeBv/,IG reel,,Lifetime,11590,6415,216,8,5,6,20,,,
18073321448019813,17841472782106936,v2byvelare,,"is this good marketing 

#trendy #cheetaprint #cheetahprint #urbanoutfitters #newyork",12,08/16/2025 22:29,https://www.instagram.com/reel/DNccTeWsczK/,IG reel,,Lifetime,17084,10050,334,10,16,21,15,,,
18096700999617664,17841472782106936,v2byvelare,,"67

#trendy #cheetaprint #cheetahprint #urbanoutfitters #newyork",14,08/16/2025 21:39,https://www.instagram.com/reel/DNcWlDpM9TQ/,IG reel,,Lifetime,19278,10415,361,5,12,8,14,,,
17928627987087162,17841472782106936,v2byvelare,,"haters will say itâ€™s the second one 

#trendy #cheetaprint #cheetahprint #urbanoutfitters #newyork",16,08/16/2025 21:35,https://www.instagram.com/reel/DNcWK3CMQ-y/,IG reel,,Lifetime,57993,29001,1041,24,24,27,63,,,
17956902560842806,17841472782106936,v2byvelare,,"almost sold outðŸ’™

#trendy #cheetaprint #cheetahprint #urbanoutfitters #newyork #fashion #ootd #tracksuit #sweatshirt #hoodie #unitedstates",11,08/16/2025 20:01,https://www.instagram.com/reel/DNcLbkRsto4/,IG reel,,Lifetime,10373,6623,152,8,9,4,9,,,
18039626366402853,17841472782106936,v2byvelare,,"hater friends ðŸ™„

#trendy #cheetaprint #cheetahprint #urbanoutfitters #newyork #fashion #ootd #tracksuit #sweatshirt #hoodie #unitedstates",13,08/16/2025 18:20,https://www.instagram.com/reel/DNb_2GJsXvW/,IG reel,,Lifetime,45483,27176,2004,87,91,30,181,,,
18171158581349096,17841472782106936,v2byvelare,,"so this can go viral ;)

#trendy #cheetaprint #cheetahprint #urbanoutfitters #newyork #fashion #ootd #tracksuit #sweatshirt #hoodie #unitedstates",9,08/16/2025 15:47,https://www.instagram.com/reel/DNbuQqkSVHI/,IG reel,,Lifetime,10135,5359,173,1,3,8,9,,,
18405302419118966,17841472782106936,v2byvelare,,"almost sold outðŸ’™

#trendy #cheetaprint #cheetahprint #urbanoutfitters #newyork #fashion #ootd #tracksuit #sweatshirt #hoodie #unitedstates",13,08/16/2025 14:27,https://www.instagram.com/reel/DNblK6EyAA3/,IG reel,,Lifetime,17950,10220,455,9,19,21,25,,,
18076945405797451,17841472782106936,v2byvelare,,"bro thinks he has aura 

#trendy #cheetaprint #cheetahprint #urbanoutfitters #newyork",15,08/16/2025 11:41,https://www.instagram.com/reel/DNbSMMLRM0R/,IG reel,,Lifetime,14749,7822,260,36,3,21,12,,,
18131025922443964,17841472782106936,v2byvelare,,"working on shipping ðŸ’™

#trendy #cheetaprint #cheetahprint #urbanoutfitters #newyork #fashion #ootd #tracksuit #sweatshirt #hoodie #unitedstates",13,08/16/2025 8:30,https://www.instagram.com/reel/DNa751QN5Qc/,IG reel,,Lifetime,238191,152047,7573,694,788,122,1228,,,
17966406278948965,17841472782106936,v2byvelare,,"almost sold outðŸ’™

#trendy #cheetaprint #cheetahprint #urbanoutfitters #newyork #fashion #ootd #tracksuit #sweatshirt #hoodie #unitedstates",12,08/16/2025 7:36,https://www.instagram.com/reel/DNa2Hd3t31m/,IG reel,,Lifetime,26562,16691,514,26,22,16,26,,,
18517854706061635,17841472782106936,v2byvelare,,"hoodie by me ðŸ’™

#trendy #cheetaprint #cheetahprint #urbanoutfitters #newyork #fashion #ootd #tracksuit #sweatshirt #hoodie #unitedstates",11,08/16/2025 7:12,https://www.instagram.com/reel/DNazZPmNHcV/,IG reel,,Lifetime,22299,14063,664,8,37,24,47,,,
18078675499766498,17841472782106936,v2byvelare,,"almost sold outðŸ’™

#trendy #cheetaprint #cheetahprint #urbanoutfitters #newyork #fashion #ootd #tracksuit #sweatshirt #hoodie #unitedstates",14,08/15/2025 23:02,https://www.instagram.com/reel/DNZ7TMANJ5U/,IG reel,,Lifetime,16546,8564,339,26,9,9,22,,,
18036386354689993,17841472782106936,v2byvelare,,"almost sold outðŸ’™

#trendy #cheetaprint #cheetahprint #urbanoutfitters #newyork #fashion #ootd #tracksuit #sweatshirt #hoodie #unitedstates",10,08/13/2025 23:05,https://www.instagram.com/reel/DNUyEMhN0cU/,IG reel,,Lifetime,14238,7602,225,33,7,19,28,,,
18309025426212273,17841472782106936,v2byvelare,,"out now :)

#trendy #cheetaprint #cheetahprint #urbanoutfitters #newyork #fashion #ootd #tracksuit #sweatshirt #hoodie",8,06/29/2025 17:41,https://www.instagram.com/reel/DLgVOnqMi_e/,IG reel,,Lifetime,19052,10529,238,29,25,12,19,,,
18049668143239683,17841472782106936,v2byvelare,,"almost sold outðŸ’™

#trendy #cheetaprint #cheetahprint #urbanoutfitters #newyork #fashion #ootd #tracksuit #sweatshirt #hoodie #unitedstates",13,08/13/2025 8:30,https://www.instagram.com/reel/DNTN89cNJWk/,IG reel,,Lifetime,21166,11763,376,5,16,25,20,,,
18292326769268545,17841472782106936,v2byvelare,,"almost sold outðŸ’™

#trendy #cheetaprint #cheetahprint #urbanoutfitters #newyork #fashion #ootd #tracksuit #sweatshirt #hoodie #unitedstates",11,08/13/2025 6:02,https://www.instagram.com/reel/DNS9DeUukhw/,IG reel,,Lifetime,32806,18719,436,46,36,10,22,,,
18080545075936681,17841472782106936,v2byvelare,,"almost sold outðŸ’™

#trendy #cheetaprint #cheetahprint #urbanoutfitters #newyork #fashion #ootd #tracksuit #sweatshirt #hoodie #unitedstates",8,08/13/2025 4:22,https://www.instagram.com/reel/DNSxkKnOEDw/,IG reel,,Lifetime,9026,4514,177,4,6,2,11,,,
18084820132677875,17841472782106936,v2byvelare,,"almost sold outðŸ’™

#trendy #cheetaprint #cheetahprint #urbanoutfitters #newyork #fashion #ootd #tracksuit #sweatshirt #hoodie #unitedstates",12,08/12/2025 23:46,https://www.instagram.com/reel/DNSR7IitEEP/,IG reel,,Lifetime,20722,9915,433,15,3,22,18,,,
18063396458462880,17841472782106936,v2byvelare,,"almost sold outðŸ’™

#trendy #cheetaprint #cheetahprint #urbanoutfitters #newyork #fashion #ootd #tracksuit #sweatshirt #hoodie #unitedstates",16,08/12/2025 9:47,https://www.instagram.com/reel/DNQx6xtx1Md/,IG reel,,Lifetime,30318,17164,640,11,16,16,30,,,
18015854600765876,17841472782106936,v2byvelare,,guys itâ€™s PREORDER it takes time to ship #fashion #ootd #cheetaprint #hoodie #tracksuit #newyork #urbanoutfitters #sweatshirt #trendy,19,08/09/2025 2:22,https://www.instagram.com/reel/DNIQmZvMNGd/,IG reel,,Lifetime,23459,9531,476,17,4,92,33,,,
18278315044302958,17841472782106936,v2byvelare,,"batch 2 shipping out this week ðŸ’™

#trendy #cheetaprint #cheetahprint #urbanoutfitters #newyork #fashion #ootd #tracksuit #sweatshirt #hoodie #unitedstates",10,08/05/2025 3:02,https://www.instagram.com/reel/DM-B_pWMj6N/,IG reel,,Lifetime,16591,8891,323,10,4,30,30,,,
18301638790223064,17841472782106936,v2byvelare,,"almost sold outðŸ’™

#trendy #cheetaprint #cheetahprint #urbanoutfitters #newyork #fashion #ootd #tracksuit #sweatshirt #hoodie #unitedstates #mog #looksmax #looksmaxing",11,08/03/2025 12:46,https://www.instagram.com/reel/DM57ALnyTzs/,IG reel,,Lifetime,19189,9798,382,63,13,21,33,,,
17886663126201767,17841472782106936,v2byvelare,,"perfect matcha order ðŸ˜³

#trendy #cheetaprint #cheetahprint #urbanoutfitters #newyork #fashion #ootd #tracksuit #sweatshirt #hoodie #unitedstates",16,07/31/2025 2:51,https://www.instagram.com/reel/DMxIKWaOtlg/,IG reel,,Lifetime,16978,8699,364,8,19,33,20,,,
17875389402281869,17841472782106936,v2byvelare,,"almost sold outðŸ’™

#trendy #cheetaprint #cheetahprint #urbanoutfitters #newyork #fashion #ootd #tracksuit #sweatshirt #hoodie #unitedstates",11,07/30/2025 9:30,https://www.instagram.com/reel/DMvRFDUMVSX/,IG reel,,Lifetime,16988,9835,339,7,19,26,27,,,
18519399964041345,17841472782106936,v2byvelare,,"almost sold outðŸ’™

#trendy #cheetaprint #cheetahprint #urbanoutfitters #newyork #fashion #ootd #tracksuit #sweatshirt #hoodie #unitedstates",9,07/30/2025 0:48,https://www.instagram.com/reel/DMuVy_1MS2X/,IG reel,,Lifetime,38663,22544,446,56,26,21,43,,,
18073552420965129,17841472782106936,v2byvelare,,"hoodie from us :)

#trendy #cheetaprint #cheetahprint #urbanoutfitters #newyork #fashion #ootd #tracksuit #sweatshirt #hoodie #unitedstates",14,07/29/2025 2:51,https://www.instagram.com/reel/DMr_N0YOwLq/,IG reel,,Lifetime,70538,37277,1514,59,57,66,153,,,
18048936110241103,17841472782106936,v2byvelare,,"almost sold out again ðŸ’™

#trendy #cheetaprint #cheetahprint #urbanoutfitters #newyork #fashion #ootd #tracksuit #sweatshirt #hoodie #unitedstates",9,07/28/2025 3:06,https://www.instagram.com/reel/DMpcI8WO7f3/,IG reel,,Lifetime,37668,16031,396,43,21,29,46,,,
17845349433537685,17841472782106936,v2byvelare,,"hoodie by me :)

#trendy #cheetaprint #cheetahprint #urbanoutfitters #newyork #fashion #ootd #tracksuit #sweatshirt #hoodie #unitedstates",14,07/27/2025 9:32,https://www.instagram.com/reel/DMnjgkhsK4p/,IG reel,,Lifetime,137164,85709,5794,418,520,83,667,,,
18075864173499006,17841472782106936,v2byvelare,,"almost sold outðŸ’™

#trendy #cheetaprint #cheetahprint #urbanoutfitters #newyork #fashion #ootd #tracksuit #sweatshirt #hoodie #unitedstates",11,07/27/2025 6:33,https://www.instagram.com/reel/DMnPA1fsTXM/,IG reel,,Lifetime,16787,8984,346,11,13,9,19,,,
18177477250330281,17841472782106936,v2byvelare,,"lmk <3

#trendy #cheetaprint #cheetahprint #urbanoutfitters #newyork #fashion #ootd #tracksuit #sweatshirt #hoodie #unitedstates",8,07/26/2025 4:39,https://www.instagram.com/reel/DMkdPpJMGnb/,IG reel,,Lifetime,10016,5218,126,6,3,15,15,,,
17904298554211079,17841472782106936,v2byvelare,,"almost sold outðŸ’™

#trendy #cheetaprint #cheetahprint #urbanoutfitters #newyork #fashion #ootd #tracksuit #sweatshirt #hoodie #unitedstates",11,07/25/2025 16:32,https://www.instagram.com/reel/DMjJ-1aCE38/,IG reel,,Lifetime,63342,35498,851,91,148,25,71,,,
18072930907972648,17841472782106936,v2byvelare,,"had a lil too much fun with the soundboard but 

#trendy #cheetaprint #cheetahprint #urbanoutfitters #newyork #fashion #ootd #tracksuit #sweatshirt #hoodie #unitedstates",47,07/25/2025 7:35,https://www.instagram.com/reel/DMiMj2JsiRw/,IG reel,,Lifetime,31735,18004,1081,15,81,19,50,,,
18166095808363916,17841472782106936,v2byvelare,,"lmk :)

#trendy #cheetaprint #cheetahprint #urbanoutfitters #newyork #fashion #ootd #tracksuit #sweatshirt #hoodie #unitedstates",55,07/24/2025 17:58,https://www.instagram.com/reel/DMgu7AviTF6/,IG reel,,Lifetime,14902,7767,348,4,13,14,19,,,
18083234329888086,17841472782106936,v2byvelare,,"almost sold outðŸ’™

#trendy #cheetaprint #cheetahprint #urbanoutfitters #newyork #fashion #ootd #tracksuit #sweatshirt #hoodie #unitedstates",22,07/24/2025 16:01,https://www.instagram.com/reel/DMghoPRC8dh/,IG reel,,Lifetime,11992,6048,277,8,11,4,17,,,
18073814830822628,17841472782106936,v2byvelare,,"lmk lmk lmk :)

#trendy #cheetaprint #cheetahprint #urbanoutfitters #newyork #fashion #ootd #tracksuit #sweatshirt #hoodie #unitedstates",15,07/24/2025 8:36,https://www.instagram.com/reel/DMfuuXMs7X4/,IG reel,,Lifetime,8323,4399,130,2,8,11,13,,,
18064992101470162,17841472782106936,v2byvelare,,"almost sold outðŸ’™

#trendy #cheetaprint #cheetahprint #urbanoutfitters #newyork #fashion #ootd #tracksuit #sweatshirt #hoodie #unitedstates",7,07/24/2025 2:04,https://www.instagram.com/reel/DMfB6mQOaQc/,IG reel,,Lifetime,8495,4684,175,13,8,5,28,,,
18063259123985482,17841472782106936,v2byvelare,,"almost sold outðŸ’™

#trendy #cheetaprint #cheetahprint #urbanoutfitters #newyork #fashion #ootd #tracksuit #sweatshirt #hoodie #unitedstates",11,07/23/2025 16:04,https://www.instagram.com/reel/DMd9OyribDv/,IG reel,,Lifetime,17431,10639,518,20,30,14,38,,,
18085323772886975,17841472782106936,v2byvelare,,"almost sold outðŸ’™

#trendy #cheetaprint #cheetahprint #urbanoutfitters #newyork #fashion #ootd #tracksuit #sweatshirt #hoodie #unitedstates",19,07/23/2025 5:18,https://www.instagram.com/reel/DMczI3Osdad/,IG reel,,Lifetime,8690,5073,144,2,4,9,14,,,
18035947340428239,17841472782106936,v2byvelare,,"we all have the one friend 

#trendy #cheetaprint #cheetahprint #urbanoutfitters #newyork #fashion #ootd #tracksuit #sweatshirt #hoodie #unitedstates",12,07/22/2025 17:54,https://www.instagram.com/reel/DMblCc7i6Hl/,IG reel,,Lifetime,904503,518090,42483,3331,1253,192,2938,,,
18365430319145057,17841472782106936,v2byvelare,,"lmk ur height ðŸ’™

#trendy #cheetaprint #cheetahprint #urbanoutfitters #newyork #fashion #ootd #tracksuit #sweatshirt #hoodie #unitedstates",8,07/22/2025 16:39,https://www.instagram.com/reel/DMbcZxvC5tc/,IG reel,,Lifetime,20153,10719,413,18,16,168,29,,,
18088782925682413,17841472782106936,v2byvelare,,"almost sold outðŸ’™

#trendy #cheetaprint #cheetahprint #urbanoutfitters #newyork #fashion #ootd #tracksuit #sweatshirt #hoodie #unitedstates",15,07/22/2025 11:16,https://www.instagram.com/reel/DMa3aoKS4ai/,IG reel,,Lifetime,9885,5703,228,31,13,16,30,,,
18094502635622060,17841472782106936,v2byvelare,,"i am 

#trendy #cheetaprint #cheetahprint #urbanoutfitters #newyork #fashion #ootd #tracksuit #sweatshirt #hoodie #unitedstates",9,07/22/2025 7:05,https://www.instagram.com/reel/DMaauE4R2N1/,IG reel,,Lifetime,14380,8842,394,10,37,13,50,,,
18050968571439988,17841472782106936,v2byvelare,,"almost sold outðŸ’™

#trendy #cheetaprint #cheetahprint #urbanoutfitters #newyork #fashion #ootd #tracksuit #sweatshirt #hoodie #unitedstates",14,07/22/2025 3:10,https://www.instagram.com/reel/DMZ_0Rjsq2n/,IG reel,,Lifetime,9513,5361,179,1,5,3,13,,,
17918340426014644,17841472782106936,v2byvelare,,"almost sold outðŸ’™

#trendy #cheetaprint #cheetahprint #urbanoutfitters #newyork #fashion #ootd #tracksuit #sweatshirt #hoodie #unitedstates",7,07/21/2025 14:58,https://www.instagram.com/reel/DMYsBUvsiYw/,IG reel,,Lifetime,8838,4869,137,5,11,19,13,,,
17851098870507653,17841472782106936,v2byvelare,,"lmk lmk lmk :)

#trendy #cheetaprint #cheetahprint #urbanoutfitters #newyork #fashion #ootd #tracksuit #sweatshirt #hoodie #unitedstates",15,07/21/2025 7:02,https://www.instagram.com/reel/DMX1kjIsJ4n/,IG reel,,Lifetime,13553,8210,383,15,37,32,43,,,
18519616378000119,17841472782106936,v2byvelare,,"almost sold outðŸ’™

#trendy #cheetaprint #cheetahprint #urbanoutfitters #newyork #fashion #ootd #tracksuit #sweatshirt #hoodie #unitedstates",8,07/20/2025 19:05,https://www.instagram.com/reel/DMWjk3PM5aH/,IG reel,,Lifetime,10081,5820,262,12,14,19,24,,,
17883686607341319,17841472782106936,v2byvelare,,"almost sold out again ðŸ’™

#trendy #cheetaprint #cheetahprint #urbanoutfitters #newyork #fashion #ootd #tracksuit #sweatshirt #hoodie #unitedstates",14,07/20/2025 14:53,https://www.instagram.com/reel/DMWGlt6S-qi/,IG reel,,Lifetime,8583,4645,195,9,8,17,5,,,
18033453134467350,17841472782106936,v2byvelare,,"almost sold outðŸ’™

#trendy #cheetaprint #cheetahprint #urbanoutfitters #newyork #fashion #ootd #tracksuit #sweatshirt #hoodie #unitedstates",28,07/20/2025 7:44,https://www.instagram.com/reel/DMVVgrrsAYe/,IG reel,,Lifetime,8693,4597,180,12,9,13,27,,,
18086342956695774,17841472782106936,v2byvelare,,"almost sold outðŸ’™

#trendy #cheetaprint #cheetahprint #urbanoutfitters #newyork #fashion #ootd #tracksuit #sweatshirt #hoodie #unitedstates",42,07/19/2025 17:11,https://www.instagram.com/reel/DMTxq4DyfJ5/,IG reel,,Lifetime,15795,7538,375,6,5,13,18,,,
18112126510508110,17841472782106936,v2byvelare,,"almost sold outðŸ’™

#trendy #cheetaprint #cheetahprint #urbanoutfitters #newyork #fashion #ootd #tracksuit #sweatshirt #hoodie #unitedstates",14,07/19/2025 15:11,https://www.instagram.com/reel/DMTj5iwyxjd/,IG reel,,Lifetime,12462,6958,280,5,18,14,31,,,
18075802147938569,17841472782106936,v2byvelare,,"almost sold outðŸ’™

#trendy #cheetaprint #cheetahprint #urbanoutfitters #newyork #fashion #ootd #tracksuit #sweatshirt #hoodie #unitedstates",16,07/18/2025 20:55,https://www.instagram.com/reel/DMRmlToM9d_/,IG reel,,Lifetime,23914,13644,803,25,15,29,44,,,
18073592995813144,17841472782106936,v2byvelare,,"almost sold outðŸ’™

#trendy #cheetaprint #cheetahprint #urbanoutfitters #newyork #fashion #ootd #tracksuit #sweatshirt #hoodie #unitedstates",23,07/18/2025 11:32,https://www.instagram.com/reel/DMQmFknSBOA/,IG reel,,Lifetime,244036,122652,2988,237,318,261,329,,,
18513575410029852,17841472782106936,v2byvelare,,"almost sold outðŸ’™

#trendy #cheetaprint #cheetahprint #urbanoutfitters #newyork #fashion #ootd #tracksuit #sweatshirt #hoodie #unitedstates",17,07/18/2025 8:19,https://www.instagram.com/reel/DMQP-5xsgIO/,IG reel,,Lifetime,81670,42278,991,102,63,76,129,,,
18068737163108918,17841472782106936,v2byvelare,,"almost sold outðŸ’™

#trendy #cheetaprint #cheetahprint #urbanoutfitters #newyork #fashion #ootd #tracksuit #sweatshirt #hoodie #unitedstates",14,07/17/2025 21:12,https://www.instagram.com/reel/DMPDtYWs2cB/,IG reel,,Lifetime,1582,1234,44,2,14,1,9,,,
17971184360763859,17841472782106936,v2byvelare,,"almost sold outðŸ’™

#trendy #cheetaprint #cheetahprint #urbanoutfitters #newyork #fashion #ootd #tracksuit #sweatshirt #hoodie #unitedstates",12,07/17/2025 21:12,https://www.instagram.com/reel/DMPDqLlsWNO/,IG reel,,Lifetime,7625,4734,137,3,4,5,13,,,
18093718093622629,17841472782106936,v2byvelare,,"almost sold outðŸ’™

#trendy #cheetaprint #cheetahprint #urbanoutfitters #newyork #fashion #ootd #tracksuit #sweatshirt #hoodie #unitedstates",13,07/17/2025 17:29,https://www.instagram.com/reel/DMOqGbxswLT/,IG reel,,Lifetime,7049,3880,177,1,6,6,6,,,
17886992265318884,17841472782106936,v2byvelare,,"almost sold outðŸ’™

#trendy #cheetaprint #cheetahprint #urbanoutfitters #newyork #fashion #ootd #tracksuit #sweatshirt #hoodie #unitedstates",10,07/17/2025 15:51,https://www.instagram.com/reel/DMOezvuSn8k/,IG reel,,Lifetime,6012,3250,131,1,6,3,8,,,
18064353788136212,17841472782106936,v2byvelare,,"which piece is ur fav?

#trendy #cheetaprint #cheetahprint #urbanoutfitters #newyork #fashion #ootd #tracksuit #sweatshirt #hoodie #unitedstates",20,07/17/2025 11:42,https://www.instagram.com/reel/DMOCbXQy95j/,IG reel,,Lifetime,7178,4046,129,10,9,8,15,,,
18050730992405751,17841472782106936,v2byvelare,,"almost sold outðŸ’™

#trendy #cheetaprint #cheetahprint #urbanoutfitters #newyork #fashion #ootd #tracksuit #sweatshirt #hoodie #unitedstates",11,07/17/2025 9:36,https://www.instagram.com/reel/DMNz_mPMiMJ/,IG reel,,Lifetime,8696,5661,255,21,27,13,21,,,
17966153861926754,17841472782106936,v2byvelare,,"almost sold outðŸ’™

#trendy #cheetaprint #cheetahprint #urbanoutfitters #newyork #fashion #ootd #tracksuit #sweatshirt #hoodie #unitedstates",10,07/17/2025 2:20,https://www.instagram.com/reel/DMNCFlwMzUw/,IG reel,,Lifetime,5881,3439,119,6,7,17,15,,,
18064710785323668,17841472782106936,v2byvelare,,"lmk lmk lmk :)

#trendy #cheetaprint #cheetahprint #urbanoutfitters #newyork #fashion #ootd #tracksuit #sweatshirt #hoodie #unitedstates",13,07/16/2025 20:31,https://www.instagram.com/reel/DMMaI8hsTsF/,IG reel,,Lifetime,16276,9205,337,18,7,14,17,,,
17900040756239335,17841472782106936,v2byvelare,,"almost sold out ðŸ’™

#trendy #cheetaprint #cheetahprint #urbanoutfitters #newyork #fashion #ootd #tracksuit #sweatshirt #hoodie #unitedstates",13,07/16/2025 20:23,https://www.instagram.com/reel/DMMZVQussZj/,IG reel,,Lifetime,1587,1357,43,0,2,1,7,,,
18036512666392621,17841472782106936,v2byvelare,,"almost sold out ðŸ’™

#trendy #cheetaprint #cheetahprint #urbanoutfitters #newyork #fashion #ootd #tracksuit #sweatshirt #hoodie #unitedstates",15,07/16/2025 14:46,https://www.instagram.com/reel/DMLyrqByvJy/,IG reel,,Lifetime,141487,85574,2178,240,371,83,122,,,
17875077687379806,17841472782106936,v2byvelare,,"almost sold out ðŸ’™

#trendy #cheetaprint #cheetahprint #urbanoutfitters #newyork #fashion #ootd #tracksuit #sweatshirt #hoodie #unitedstates #looksmaxxing #looksmax #mogging #mog",7,07/16/2025 11:33,https://www.instagram.com/reel/DMLciZTSqSo/,IG reel,,Lifetime,122974,44042,887,116,73,35,48,,,
18024077381722392,17841472782106936,v2byvelare,,"almost sold out ðŸ’™

#trendy #cheetaprint #cheetahprint #urbanoutfitters #newyork #fashion #ootd #tracksuit #sweatshirt #hoodie #unitedstates",8,07/16/2025 9:24,https://www.instagram.com/reel/DMLN5WtMwIp/,IG reel,,Lifetime,1250,1029,47,3,6,0,2,,,
17909167530189597,17841472782106936,v2byvelare,,"almost sold out ðŸ’™

#trendy #cheetaprint #cheetahprint #urbanoutfitters #newyork #fashion #ootd #tracksuit #sweatshirt #hoodie #unitedstates",13,07/16/2025 5:00,https://www.instagram.com/reel/DMKvkSnsPwp/,IG reel,,Lifetime,94010,44287,775,62,102,21,44,,,
18061433252265450,17841472782106936,v2byvelare,,"almost sold out ðŸ’™

#trendy #cheetaprint #cheetahprint #urbanoutfitters #newyork #fashion #ootd #tracksuit #sweatshirt #hoodie #unitedstates",14,07/15/2025 20:56,https://www.instagram.com/reel/DMJ4S7RsypU/,IG reel,,Lifetime,8820,6777,193,5,35,1,20,,,
18086536168752669,17841472782106936,v2byvelare,,"almost sold out ðŸ’™

#trendy #cheetaprint #cheetahprint #urbanoutfitters #newyork #fashion #ootd #tracksuit #sweatshirt #hoodie #unitedstates",13,07/15/2025 13:58,https://www.instagram.com/reel/DMJHpWvSXla/,IG reel,,Lifetime,47396,24520,497,24,32,14,33,,,
18056964155348176,17841472782106936,v2byvelare,,"almost sold out ðŸ’™

#trendy #cheetaprint #cheetahprint #urbanoutfitters #newyork #fashion #ootd #tracksuit #sweatshirt #hoodie #unitedstates",18,07/15/2025 8:49,https://www.instagram.com/reel/DMIkyO_scOM/,IG reel,,Lifetime,2188,1813,46,1,10,2,3,,,
18370266313178294,17841472782106936,v2byvelare,,"almost sold out ðŸ’™

#trendy #cheetaprint #cheetahprint #urbanoutfitters #newyork #fashion #ootd #tracksuit #sweatshirt #hoodie #unitedstates",10,07/15/2025 4:45,https://www.instagram.com/reel/DMIJFIyMeZ6/,IG reel,,Lifetime,31520,17748,649,31,29,22,30,,,
18168323941356517,17841472782106936,v2byvelare,,"almost sold out ðŸ’™

#trendy #cheetaprint #cheetahprint #urbanoutfitters #newyork #fashion #ootd #tracksuit #sweatshirt #hoodie #unitedstates",11,07/14/2025 20:09,https://www.instagram.com/reel/DMHOCDgMzgW/,IG reel,,Lifetime,6013,3654,144,15,7,2,21,,,
18065366651153876,17841472782106936,v2byvelare,,"almost sold out ðŸ’™

#trendy #cheetaprint #cheetahprint #urbanoutfitters #newyork #fashion #ootd #tracksuit #sweatshirt #hoodie #unitedstates",15,07/14/2025 19:11,https://www.instagram.com/reel/DMHHdzSMTwz/,IG reel,,Lifetime,1921,1578,69,6,7,4,6,,,
17845999293506078,17841472782106936,v2byvelare,,"lmk what u think :)

#trendy #cheetaprint #cheetahprint #urbanoutfitters #newyork #fashion #ootd #tracksuit #sweatshirt #hoodie #unitedstates",15,07/14/2025 16:34,https://www.instagram.com/reel/DMG1gsBS9i6/,IG reel,,Lifetime,2477,1794,92,1,19,4,7,,,
18072334133086715,17841472782106936,v2byvelare,,"lmk what you guys think :)

#trendy #cheetaprint #cheetahprint #urbanoutfitters #newyork #fashion #ootd #tracksuit #sweatshirt #hoodie #unitedstates",15,07/14/2025 16:25,https://www.instagram.com/reel/DMG0aNhSd1e/,IG reel,,Lifetime,9242,5546,232,20,9,8,16,,,
18091524916577809,17841472782106936,v2byvelare,,"almost sold out ðŸ’™

#trendy #cheetaprint #cheetahprint #urbanoutfitters #newyork #fashion #ootd #tracksuit #sweatshirt #hoodie #unitedstates",12,07/14/2025 14:05,https://www.instagram.com/reel/DMGkaqgySgg/,IG reel,,Lifetime,7578,4588,150,11,7,10,10,,,
18064793687128351,17841472782106936,v2byvelare,,"itâ€™s actually my brand :)

#trendy #cheetaprint #cheetahprint #urbanoutfitters #newyork #fashion #ootd #tracksuit #sweatshirt #hoodie #unitedstates",15,07/14/2025 10:01,https://www.instagram.com/reel/DMGIeT-s8J1/,IG reel,,Lifetime,28839,15087,775,29,28,44,26,,,
18049894979568799,17841472782106936,v2byvelare,,"almost sold out ðŸ’™

#trendy #cheetaprint #cheetahprint #urbanoutfitters #newyork #fashion #ootd #tracksuit #sweatshirt #hoodie #unitedstates",13,07/13/2025 13:55,https://www.instagram.com/reel/DMD-c3lym5d/,IG reel,,Lifetime,1264,1093,32,1,4,1,3,,,
17905113327196032,17841472782106936,v2byvelare,,"almost sold out ðŸ’™

#trendy #cheetaprint #cheetahprint #urbanoutfitters #newyork #fashion #ootd #tracksuit #sweatshirt #hoodie #unitedstates",12,07/13/2025 10:41,https://www.instagram.com/reel/DMDoRzFsf5R/,IG reel,,Lifetime,29803,19492,571,49,41,30,43,,,
18047806364235288,17841472782106936,v2byvelare,,"what other hat things should i try

#trendy #cheetaprint #cheetahprint #urbanoutfitters #newyork #fashion #ootd #tracksuit #sweatshirt #hoodie #unitedstates",53,07/13/2025 9:12,https://www.instagram.com/reel/DMDd_eOssFf/,IG reel,,Lifetime,296924,151720,4909,226,644,107,238,,,
18307959919245884,17841472782106936,v2byvelare,,"almost sold out ðŸ’™

#trendy #cheetaprint #cheetahprint #urbanoutfitters #newyork #fashion #ootd #tracksuit #sweatshirt #hoodie #unitedstates",15,07/12/2025 21:47,https://www.instagram.com/reel/DMCPtajsn1n/,IG reel,,Lifetime,114029,52353,1569,134,172,62,84,,,
18513104764020378,17841472782106936,v2byvelare,,"almost sold out ðŸ’™

#trendy #cheetaprint #cheetahprint #urbanoutfitters #newyork #fashion #ootd #tracksuit #sweatshirt #hoodie #unitedstates",14,07/12/2025 20:44,https://www.instagram.com/reel/DMCIdiRs-ky/,IG reel,,Lifetime,1466,1173,42,1,8,0,2,,,
18109813459513327,17841472782106936,v2byvelare,,"which piece ur fav? ðŸ’™

#trendy #cheetaprint #cheetahprint #urbanoutfitters #newyork #fashion #ootd #tracksuit #sweatshirt #hoodie #unitedstates",15,07/12/2025 16:50,https://www.instagram.com/reel/DMBtshES1eb/,IG reel,,Lifetime,115060,63971,1822,196,251,46,139,,,
17943096915009343,17841472782106936,v2byvelare,,"almost sold out ðŸ’™

#trendy #cheetaprint #cheetahprint #urbanoutfitters #newyork #fashion #ootd #tracksuit #sweatshirt #hoodie #unitedstates",10,07/12/2025 10:48,https://www.instagram.com/reel/DMBERY0M8Ln/,IG reel,,Lifetime,14688,9311,206,7,14,31,15,,,
18065407738922435,17841472782106936,v2byvelare,,"just restocked ðŸ’™

#trendy #cheetaprint #cheetahprint #urbanoutfitters #newyork #fashion #ootd #tracksuit #sweatshirt #hoodie #unitedstates",25,07/12/2025 6:05,https://www.instagram.com/reel/DMAj6Ygs-Eq/,IG reel,,Lifetime,5956,3726,153,6,8,5,10,,,
17897355054124903,17841472782106936,v2byvelare,,"almost sold out ðŸ’™

#trendy #cheetaprint #cheetahprint #urbanoutfitters #newyork #fashion #ootd #tracksuit #sweatshirt #hoodie #unitedstates",11,07/11/2025 21:06,https://www.instagram.com/reel/DL_mLKtMlSF/,IG reel,,Lifetime,1383,1119,50,6,6,0,6,,,
17989199489681846,17841472782106936,v2byvelare,,"almost sold out ðŸ’™

#trendy #cheetaprint #cheetahprint #urbanoutfitters #newyork #fashion #ootd #tracksuit #sweatshirt #hoodie #unitedstates",13,07/11/2025 19:06,https://www.instagram.com/reel/DL_Yhh9MJFb/,IG reel,,Lifetime,19223,14451,570,23,109,16,61,,,
18142557892406591,17841472782106936,v2byvelare,,"almost sold out ðŸ’™

#trendy #cheetaprint #cheetahprint #urbanoutfitters #newyork #fashion #ootd #tracksuit #sweatshirt #hoodie #unitedstates",14,07/11/2025 19:03,https://www.instagram.com/reel/DL_YL9vML1C/,IG reel,,Lifetime,11376,6855,360,18,28,9,48,,,
18072839380803570,17841472782106936,v2byvelare,,"almost sold out ðŸ’™

#trendy #cheetaprint #cheetahprint #urbanoutfitters #newyork #fashion #ootd #tracksuit #sweatshirt #hoodie #unitedstates",13,07/11/2025 12:33,https://www.instagram.com/reel/DL-rc3tyYdl/,IG reel,,Lifetime,88297,40884,759,102,81,42,41,,,
17934594159049274,17841472782106936,v2byvelare,,"almost sold out ðŸ’™

#trendy #cheetaprint #cheetahprint #urbanoutfitters #newyork #fashion #ootd #tracksuit #sweatshirt #hoodie #unitedstates",9,07/10/2025 16:35,https://www.instagram.com/reel/DL8iaccSV8A/,IG reel,,Lifetime,80857,50392,1984,166,237,43,106,,,
18071362672838332,17841472782106936,v2byvelare,,"almost sold out ðŸ’™

#trendy #cheetaprint #cheetahprint #urbanoutfitters #newyork #fashion #ootd #tracksuit #sweatshirt #hoodie #unitedstates",8,07/10/2025 12:42,https://www.instagram.com/reel/DL8HuqqSkZi/,IG reel,,Lifetime,55181,24107,635,66,49,29,53,,,
18100417261568243,17841472782106936,v2byvelare,,"almost sold out ðŸ’™

#trendy #cheetaprint #cheetahprint #urbanoutfitters #newyork #fashion #ootd #tracksuit #sweatshirt #hoodie #unitedstates",14,07/10/2025 10:26,https://www.instagram.com/reel/DL734pVMpRW/,IG reel,,Lifetime,1719,1349,51,1,7,0,4,,,
18072599398807291,17841472782106936,v2byvelare,,"almost sold out ðŸ’™

#trendy #cheetaprint #cheetahprint #urbanoutfitters #newyork #fashion #ootd #tracksuit #sweatshirt #hoodie #unitedstates",15,07/10/2025 8:09,https://www.instagram.com/reel/DL7obPGsKUF/,IG reel,,Lifetime,228920,137524,3154,607,440,174,197,,,
18291651703253316,17841472782106936,v2byvelare,,"v2, cheeta

out now, fabric is 450 gsm, cotton fleece. Sewn on cheeta print paneling. One of the comfiest best quality pieces iâ€™ve ever made. I love you :)

Hoodie - $68
Sweats - $65

model is 5â€™7, 130 wearing the small in all model photos :)

out now

v2byvelare.com",0,07/10/2025 6:10,https://www.instagram.com/p/DL7a6TnsR2I/,IG carousel,,Lifetime,310330,26731,786,727,58,77,679,,,
18085380217759396,17841472782106936,v2byvelare,,"lmk lmk lmk

#trendy #cheetaprint #cheetahprint #urbanoutfitters #newyork #fashion #ootd #tracksuit #sweatshirt #hoodie",16,07/10/2025 6:06,https://www.instagram.com/reel/DL7acALMwGZ/,IG reel,,Lifetime,6330,4299,133,0,7,7,5,,,
17955199133971291,17841472782106936,v2byvelare,,"almost sold out ðŸ’™

#trendy #cheetaprint #cheetahprint #urbanoutfitters #newyork #fashion #ootd #tracksuit #sweatshirt #hoodie",33,07/09/2025 21:03,https://www.instagram.com/reel/DL6cQLdM4fL/,IG reel,,Lifetime,10092,7318,240,15,56,10,34,,,
18072906613817164,17841472782106936,v2byvelare,,"link in bio, ily ðŸ’™

#trendy #cheetaprint #cheetahprint #urbanoutfitters #newyork #fashion #ootd #tracksuit #sweatshirt #hoodie",13,07/09/2025 17:23,https://www.instagram.com/reel/DL6DIdssV2A/,IG reel,,Lifetime,19293,15216,515,23,72,7,67,,,
18057023261354714,17841472782106936,v2byvelare,,"almost sold out ðŸ’™

#trendy #cheetaprint #cheetahprint #urbanoutfitters #newyork #fashion #ootd #tracksuit #sweatshirt #hoodie",18,07/09/2025 10:01,https://www.instagram.com/reel/DL5Qfl7MMb1/,IG reel,,Lifetime,414969,244246,5589,597,1273,137,234,,,
18392363500137670,17841472782106936,v2byvelare,,"almost sold out ðŸ’™

#trendy #cheetaprint #cheetahprint #urbanoutfitters #newyork #fashion #ootd #tracksuit #sweatshirt #hoodie",15,07/09/2025 7:32,https://www.instagram.com/reel/DL4_gUYMSPp/,IG reel,,Lifetime,52479,35963,2340,166,346,39,313,,,
18084065515744025,17841472782106936,v2byvelare,,"almost sold out ðŸ’™

#trendy #cheetaprint #cheetahprint #urbanoutfitters #newyork #fashion #ootd #tracksuit #sweatshirt #hoodie",12,07/09/2025 2:19,https://www.instagram.com/reel/DL4brxQMyHT/,IG reel,,Lifetime,1523,1297,46,4,16,1,1,,,
18064842521140117,17841472782106936,v2byvelare,,"almost sold out ðŸ’™

#trendy #cheetaprint #cheetahprint #urbanoutfitters #newyork #fashion #ootd #tracksuit #sweatshirt #hoodie",11,07/08/2025 21:36,https://www.instagram.com/reel/DL37TEaslxb/,IG reel,,Lifetime,1292,1071,55,2,6,1,6,,,
18019770116526634,17841472782106936,v2byvelare,,"almost sold out ðŸ’™

#trendy #cheetaprint #cheetahprint #urbanoutfitters #newyork #fashion #ootd #tracksuit #sweatshirt #hoodie",33,07/08/2025 18:26,https://www.instagram.com/reel/DL3lbkEMMkN/,IG reel,,Lifetime,698308,393625,15697,889,3288,285,2007,,,
18073114120793362,17841472782106936,v2byvelare,,lmk!,14,07/08/2025 15:52,https://www.instagram.com/reel/DL3T6pLyh6I/,IG reel,,Lifetime,52517,39803,1154,155,236,31,96,,,
18089075407680077,17841472782106936,v2byvelare,,noire hoodie :) out now.  #trendy #cheetaprint #cheetahprint #urbanoutfitters #newyork #fashion #ootd #tracksuit #sweatshirt #hoodie,19,07/08/2025 13:11,https://www.instagram.com/reel/DL3BdYqSprd/,IG reel,,Lifetime,50044,34514,558,77,86,33,51,,,
18090007051647233,17841472782106936,v2byvelare,,"almost sold out ðŸ’™

#trendy #cheetaprint #cheetahprint #urbanoutfitters #newyork #fashion #ootd #tracksuit #sweatshirt #hoodie",10,07/08/2025 12:10,https://www.instagram.com/reel/DL26fhuyx8q/,IG reel,,Lifetime,1603,1281,65,5,8,3,6,,,
18059796668195037,17841472782106936,v2byvelare,,"almost sold out ðŸ’™

#trendy #cheetaprint #cheetahprint #urbanoutfitters #newyork #fashion #ootd #tracksuit #sweatshirt #hoodie",13,07/08/2025 11:05,https://www.instagram.com/reel/DL2zCLyynIF/,IG reel,,Lifetime,5337,3304,125,3,5,12,10,,,
17845674348515918,17841472782106936,v2byvelare,,"good or bad?

#trendy #cheetaprint #cheetahprint #urbanoutfitters #newyork #fashion #ootd #tracksuit #sweatshirt #hoodie",13,07/07/2025 21:23,https://www.instagram.com/reel/DL1U_i0MD3q/,IG reel,,Lifetime,1217,1011,26,1,3,0,2,,,
17916606933018447,17841472782106936,v2byvelare,,"almost sold out ðŸ’™

#trendy #cheetaprint #cheetahprint #urbanoutfitters #newyork #fashion #ootd #tracksuit #sweatshirt #hoodie",9,07/07/2025 21:12,https://www.instagram.com/reel/DL1TuROsUPB/,IG reel,,Lifetime,12971,8644,234,78,20,16,17,,,
18104294317545968,17841472782106936,v2byvelare,,"lmk lmk lmk

#trendy #cheetaprint #cheetahprint #urbanoutfitters #newyork #fashion #ootd #tracksuit #sweatshirt #hoodie",14,07/07/2025 20:11,https://www.instagram.com/reel/DL1MxVzM03R/,IG reel,,Lifetime,17749,13428,583,39,143,16,82,,,
18031648817699679,17841472782106936,v2byvelare,,"almost sold out ðŸ’™

#trendy #cheetaprint #cheetahprint #urbanoutfitters #newyork #fashion #ootd #tracksuit #sweatshirt #hoodie",11,07/07/2025 18:14,https://www.instagram.com/reel/DL0_aphMujQ/,IG reel,,Lifetime,1209,1041,49,0,8,0,3,,,
18355979902153358,17841472782106936,v2byvelare,,"almost sold out ðŸ’™

#trendy #cheetaprint #cheetahprint #urbanoutfitters #newyork #fashion #ootd #tracksuit #sweatshirt #hoodie",11,07/07/2025 16:01,https://www.instagram.com/reel/DL0wLNfyQNz/,IG reel,,Lifetime,391642,129392,3252,638,516,49,243,,,
18061801010244669,17841472782106936,v2byvelare,,"almost sold out ðŸ’™

#trendy #cheetaprint #cheetahprint #urbanoutfitters #newyork #fashion #ootd #tracksuit #sweatshirt #hoodie",14,07/07/2025 14:11,https://www.instagram.com/reel/DL0jgeCy91M/,IG reel,,Lifetime,1472,1191,35,1,9,0,7,,,
18366762421179679,17841472782106936,v2byvelare,,"almost sold out ðŸ’™

#trendy #cheetaprint #cheetahprint #urbanoutfitters #newyork #fashion #ootd #tracksuit #sweatshirt #hoodie",15,07/07/2025 11:18,https://www.instagram.com/reel/DL0PqYYS_lv/,IG reel,,Lifetime,47143,29217,1192,77,137,37,41,,,
18063355055270503,17841472782106936,v2byvelare,,"almost sold out ðŸ’™

#trendy #cheetaprint #cheetahprint #urbanoutfitters #newyork #fashion #ootd #tracksuit #sweatshirt #hoodie",16,07/07/2025 10:49,https://www.instagram.com/reel/DL0MYYwsp0w/,IG reel,,Lifetime,6642,4061,163,4,15,16,6,,,
17909990949169772,17841472782106936,v2byvelare,,"almost sold out ðŸ’™

#trendy #cheetaprint #cheetahprint #urbanoutfitters #newyork #fashion #ootd #tracksuit #sweatshirt #hoodie",13,07/07/2025 5:57,https://www.instagram.com/reel/DLzq9LuMqMo/,IG reel,,Lifetime,50800,28605,550,189,92,5,44,,,
18376129132135686,17841472782106936,v2byvelare,,"all link in bio ðŸ’™

#trendy #cheetaprint #cheetahprint #urbanoutfitters #newyork #fashion #ootd #tracksuit #sweatshirt #hoodie",13,07/06/2025 20:10,https://www.instagram.com/reel/DLyn4GkMaTl/,IG reel,,Lifetime,1595,1274,44,4,6,0,4,,,
18050286680153354,17841472782106936,v2byvelare,,"almost sold out ðŸ’™

#trendy #cheetaprint #cheetahprint #urbanoutfitters #newyork #fashion #ootd #tracksuit #sweatshirt #hoodie",6,07/06/2025 19:09,https://www.instagram.com/reel/DLyg3fpM02a/,IG reel,,Lifetime,3669,2506,87,4,36,31,4,,,
18008281694771093,17841472782106936,v2byvelare,,"almost sold out ðŸ’™

#trendy #cheetaprint #cheetahprint #urbanoutfitters #newyork #fashion #ootd #tracksuit #sweatshirt #hoodie",13,07/06/2025 18:54,https://www.instagram.com/reel/DLyfHMKM9K4/,IG reel,,Lifetime,4296,2711,126,12,7,10,8,,,
18070420544005687,17841472782106936,v2byvelare,,"almost sold out ðŸ’™

#trendy #cheetaprint #cheetahprint #urbanoutfitters #newyork #fashion #ootd #tracksuit #sweatshirt #hoodie",21,07/06/2025 17:52,https://www.instagram.com/reel/DLyXqUfs5b4/,IG reel,,Lifetime,1402,1133,31,0,7,4,3,,,
18069259019290532,17841472782106936,v2byvelare,,"almost sold out ðŸ’™

#trendy #cheetaprint #cheetahprint #urbanoutfitters #newyork #fashion #ootd #tracksuit #sweatshirt #hoodie",14,07/06/2025 14:35,https://www.instagram.com/reel/DLyBd6fyXtx/,IG reel,,Lifetime,89673,49176,2050,130,285,58,115,,,
18275237719274965,17841472782106936,v2byvelare,,"love

#trendy #cheetaprint #cheetahprint #urbanoutfitters #newyork #fashion #ootd #tracksuit #sweatshirt #hoodie",11,07/06/2025 9:59,https://www.instagram.com/reel/DLxh4D7M7Vn/,IG reel,,Lifetime,4893,3299,160,6,8,15,16,,,
18089423488724914,17841472782106936,v2byvelare,,"almost sold out ðŸ’™

#trendy #cheetaprint #cheetahprint #urbanoutfitters #newyork #fashion #ootd #tracksuit #sweatshirt #hoodie",14,07/06/2025 8:48,https://www.instagram.com/reel/DLxZtqyMGBL/,IG reel,,Lifetime,139409,98986,4853,307,1201,82,724,,,
18055351604593076,17841472782106936,v2byvelare,,"almost sold out ðŸ’™

#trendy #cheetaprint #cheetahprint #urbanoutfitters #newyork #fashion #ootd #tracksuit #sweatshirt #hoodie",8,07/05/2025 12:44,https://www.instagram.com/reel/DLvP-X9SIzh/,IG reel,,Lifetime,963,778,19,2,3,0,2,,,
18049986368390829,17841472782106936,v2byvelare,,"almost sold out ðŸ’™

#trendy #cheetaprint #cheetahprint #urbanoutfitters #newyork #fashion #ootd #tracksuit #sweatshirt #hoodie",21,07/04/2025 22:45,https://www.instagram.com/reel/DLtv89TsXK7/,IG reel,,Lifetime,7639,4684,166,4,17,14,12,,,
17929453500081067,17841472782106936,v2byvelare,,"almost sold out ðŸ’™

#trendy #cheetaprint #cheetahprint #urbanoutfitters #newyork #fashion #ootd #tracksuit #sweatshirt #hoodie",6,07/04/2025 21:07,https://www.instagram.com/reel/DLtkuwuMIud/,IG reel,,Lifetime,8911,5915,257,12,72,54,17,,,
18073404325777694,17841472782106936,v2byvelare,,"almost sold out ðŸ’™ link in bio :)

#trendy #cheetaprint #cheetahprint #urbanoutfitters #newyork #fashion #ootd #tracksuit #sweatshirt #hoodie",16,07/04/2025 11:46,https://www.instagram.com/reel/DLskkm2yuZV/,IG reel,,Lifetime,5384,3340,123,5,8,14,14,,,
18099568477576297,17841472782106936,v2byvelare,,"almost sold out, tysmðŸ’™

#trendy #cheetaprint #cheetahprint #urbanoutfitters #newyork #fashion #ootd #tracksuit #sweatshirt #hoodie",15,07/03/2025 21:39,https://www.instagram.com/reel/DLrDjJTso8o/,IG reel,,Lifetime,4476,2730,100,15,10,4,7,,,
18097392043607741,17841472782106936,v2byvelare,,"almost sold out, thank you ðŸ’™

#trendy #cheetaprint #cheetahprint #urbanoutfitters #newyork #fashion #ootd #tracksuit #sweatshirt #hoodie",11,07/03/2025 18:53,https://www.instagram.com/reel/DLqwkqTsgUW/,IG reel,,Lifetime,2951,1753,80,5,5,2,7,,,
17881698129220023,17841472782106936,v2byvelare,,who can model! #trendy #cheetaprint #cheetahprint #urbanoutfitters #newyork #fashion #ootd #tracksuit #sweatshirt #hoodie,6,07/03/2025 11:01,https://www.instagram.com/reel/DLp6rjKMIPy/,IG reel,,Lifetime,10073,5026,305,5,22,72,20,,,
17975792816890095,17841472782106936,v2byvelare,,out now ðŸ’™,14,07/03/2025 1:28,https://www.instagram.com/reel/DLo5AHzMdRc/,IG reel,,Lifetime,22433,9767,176,20,17,4,11,,,
18029576717691601,17841472782106936,v2byvelare,,"a collection inspired by cheetahs :) 
#trendy #cheetaprint #cheetahprint #urbanoutfitters #newyork #fashion #ootd #tracksuit #sweatshirt #hoodie",14,07/02/2025 12:54,https://www.instagram.com/reel/DLniuAzSnYC/,IG reel,,Lifetime,3595,2071,86,1,5,14,8,,,
17931548526061787,17841472782106936,v2byvelare,,link in bio!,16,07/01/2025 18:29,https://www.instagram.com/reel/DLlkNmkMU3p/,IG reel,,Lifetime,2439,1408,55,5,0,3,3,,,
17909145066171586,17841472782106936,v2byvelare,,out now :),13,07/01/2025 8:44,https://www.instagram.com/reel/DLkhUNwMOd6/,IG reel,,Lifetime,376033,212168,4773,422,884,148,252,,,
18071890531789703,17841472782106936,v2byvelare,,out now ðŸ’™,8,06/30/2025 13:47,https://www.instagram.com/reel/DLifO5kS-LK/,IG reel,,Lifetime,300899,189760,3506,663,727,15,278,,,
17910542754171693,17841472782106936,v2byvelare,,"i canâ€™t decide 

#trendy #cheetaprint #cheetahprint #urbanoutfitters #newyork #fashion #ootd #tracksuit #sweatshirt #hoodie",13,07/05/2025 16:27,https://www.instagram.com/reel/DLvpbskSZ1A/,IG reel,,Lifetime,5103,2984,129,5,12,4,11,,,
